Fund Name,P1,P2,P3,P4,P5,Topsis Score,Rank
M1,0.71,0.5,6.4,39.4,11.75,0.3969380996934044,7.0
M2,0.77,0.59,6.7,43.8,12.97,0.4049923310619067,6.0
M3,0.66,0.44,3.2,33.6,9.48,0.4859561926591601,4.0
M4,0.67,0.45,6.6,49.1,14.21,0.3799016568747485,8.0
M5,0.93,0.86,4.1,54.6,15.12,0.5924752478290757,1.0
M6,0.71,0.5,4.1,57.6,15.73,0.49888534535143575,3.0
M7,0.88,0.77,6.2,61.3,17.29,0.5058812010334208,2.0
M8,0.9,0.81,6.5,43.9,13.03,0.48415984766084547,5.0
